{
  "usingComponents": {
    "page-live-player": "../wxlive-components/page-live-player/page-live-player",
    "page-live-replay": "../wxlive-components/page-live-replay/page-live-replay",
    "page-live-record": "../wxlive-components/page-live-record/page-live-record",
    "component-profile-card": "../wxlive-components/profile-card/profile-card",
    "component-person-operation": "../wxlive-components/person-operation/person-operation",
    "component-comments": "../wxlive-components/comments/comments",
    "component-store-list": "../wxlive-components/store-list/store-list",
    "component-profile-modal": "../wxlive-components/profile-modal/profile-modal",
    "component-barrage-list": "../wxlive-components/barrage-list/barrage-list",
    "component-goods-push": "../wxlive-components/goods-push/goods-push",
    "component-coupon-push": "../wxlive-components/coupon-push/coupon-push",
    "component-push-comment": "../wxlive-components/push-comment/push-comment",
    "component-end-block": "../wxlive-components/end-block/end-block",
    "component-subscribe-card": "../wxlive-components/subscribe-card/subscribe-card",
    "component-forbid-user-list": "../wxlive-components/forbid-user-list/forbid-user-list",
    "component-lottery": "../wxlive-components/lottery/lottery",
    "component-lottery-oper": "../wxlive-components/lottery-oper/lottery-oper",
    "component-lottery-fill-phone": "../wxlive-components/lottery-fill-phone/lottery-fill-phone",
    "component-comment-action-sheet": "../wxlive-components/comment-action-sheet/comment-action-sheet",
    "component-top-player": "../wxlive-components/top-player/top-player",
    "component-operate-paster": "../wxlive-components/operate-paster/operate-paster",
    "component-attention-guide": "../wxlive-components/attention-guide/attention-guide",
    "component-setting-more": "../wxlive-components/setting-more/setting-more",
    "component-mic-tag": "../wxlive-components/mic-tag/mic-tag",
    "component-mic-panel": "../wxlive-components/mic-panel/mic-panel",
    "component-auto-reply-panel": "../wxlive-components/auto-reply-panel/auto-reply-panel",
    "component-mic-system-msg": "../wxlive-components/mic-system-msg/mic-system-msg",
    "component-activity-nudge": "../wxlive-components/activity-nudge/activity-nudge",
    "component-share-panel": "../wxlive-components/share-panel/share-panel",
    "component-notice-toptips": "../wxlive-components/notice-toptips/notice-toptips",
    "component-advance-detail": "../wxlive-components/advance-detail/advance-detail",
    "component-advance": "../wxlive-components/advance/advance",
    "component-auto-reply": "../wxlive-components/auto-reply/auto-reply",
    "component-help-list-entr": "../wxlive-components/help-list-entr/help-list-entr",
    "component-help-panel": "../wxlive-components/help-panel/help-panel",
    "component-help-rule-panel": "../wxlive-components/help-rule-panel/help-rule-panel",
    "mp-icon": "../miniprogram_dist/icon/icon"
  },
  "navigationStyle": "custom",
  "backgroundColor": "#333",
  "disableScroll": true,
  "style": "v2",
  "navigationBarTextStyle": "white",
  "singlePage": {
    "navigationBarBackgroundColor": "#000000",
    "navigationBarBackgroundAlpha": 0,
    "navigationBarTextStyle": "white"
  },
  "pageOrientation": "portrait",
  "handleWebviewPreload": "manual",
  "__warning__": "无效的 page.json singlePage[\"navigationBarBackgroundColor\"]、page.json singlePage[\"navigationBarBackgroundAlpha\"]、page.json singlePage[\"navigationBarTextStyle\"]、page.json [\"handleWebviewPreload\"]"
}