{
  "usingComponents": {
    "nav-bar": "../../components/navbar/navbar",
    "ar-camera": "../../components/ar-camera/ar-camera",
    "menu": "./components/menu/menu",
    "nav": "../../components/nav/nav",
    "userinfo": "../../components/userinfo/index",
    "poiInfoAr": "../../components/poiPopup/2d/poiInfoAr/poiInfoAr",
    "poiCatering": "../../components/poiPopup/2d/poiCatering/poiCatering",
    "poiScenicSpot": "../../components/poiPopup/2d/poiScenicSpot/poiScenicSpot",
    "service-client": "../../components/service/service-client",
    "map-container": "./components/map-container/map-container",
    "warning-map": "./components/warning/warning-map",
    "warning-ar": "./components/warning/warning-ar",
    "warning-nav": "./components/warning/warning-nav",
    "warning-gg": "./components/warning/warning-gg",
    "navigation-status": "./components/navigation-status/navigation-status",
    "guide": "./components/guide-v2/guide",
    "model-card": "./components/card/card",
    "circle-progress": "./components/circle-progress/circle",
    "audio-progress": "./components/audio-progress/audio-progress"
  },
  "disableScroll": true,
  "navigationBarTitleText": "AR沉浸游"
}